,success_rate,processing_time,transaction_charge,status,log_amount,type
0,0.36,0.08708708708708708,0.5428571428571428,0.0,0.5201195628559985,2
1,0.6,0.006006006006006005,0.5,0.0,0.4804202565534226,1
2,0.8,0.3443443443443443,0.5,1.0,0.4478997763527548,1
3,0.45,0.36236236236236236,0.0,0.0,0.2350165186032478,0
4,0.19,0.6846846846846846,0.8428571428571427,0.0,0.4155246765687832,6
5,0.59,0.6886886886886886,0.5,0.0,0.5624804763334998,1
6,0.84,0.913913913913914,0.0,1.0,0.25988799214119074,0
7,0.98,0.14014014014014012,0.5,1.0,0.5587323269040467,3
8,0.86,0.7567567567567567,0.42857142857142855,1.0,0.31395615739487015,4
9,0.84,0.2512512512512512,0.5,1.0,0.6557907749499907,3
10,0.97,0.7207207207207207,0.5428571428571428,1.0,0.791827387211222,2
11,0.04,0.7797797797797797,1.0,0.0,0.6313042799528161,5
12,0.84,0.7667667667667667,0.42857142857142855,1.0,0.4198440227303013,4
13,0.59,0.6726726726726726,0.5428571428571428,0.0,0.4629869752722968,2
14,1.0,0.7087087087087086,0.5,1.0,0.6891596502251027,1
15,0.47,0.8078078078078078,0.5428571428571428,0.0,0.3780736835237066,2
16,0.77,0.9849849849849849,0.5,1.0,0.2742972051031942,3
17,0.28,0.27927927927927926,0.8428571428571427,0.0,0.43628090404377273,6
18,0.09,0.9269269269269268,0.8428571428571427,0.0,0.6982660000530565,6
19,0.22,0.6626626626626626,0.8428571428571427,0.0,0.42674345950060655,6
20,0.87,0.6756756756756757,0.0,1.0,0.36439583391552666,0
21,0.68,0.20420420420420418,0.42857142857142855,1.0,0.29814791101234106,4
22,0.06,0.009009009009009007,1.0,0.0,0.40097623143662564,5
23,0.3,0.9879879879879878,0.5428571428571428,0.0,0.3661322436186336,2
24,0.7,0.2722722722722723,0.5,1.0,0.3067702940212198,1
25,0.4,0.051051051051051045,1.0,0.0,0.5577196030904479,5
26,0.74,0.07507507507507508,0.5428571428571428,1.0,0.42354711692151725,2
27,0.76,0.9729729729729729,0.42857142857142855,1.0,0.2664849025426361,4
28,0.16,0.9749749749749749,1.0,0.0,0.34971353475269273,5
29,0.96,0.8728728728728729,0.5,1.0,0.5810995566857382,3
30,0.28,0.06906906906906905,0.8428571428571427,0.0,0.23698659885509032,6
31,0.14,0.6066066066066065,0.8428571428571427,0.0,0.5468720790420551,6
32,0.6,0.07007007007007006,0.5428571428571428,0.0,0.40055972561565034,2
33,0.54,0.4024024024024023,0.8428571428571427,0.0,0.4073798134504423,6
34,0.86,0.0,0.5,1.0,0.29318058476658004,3
35,0.26,0.47347347347347346,1.0,0.0,0.43064720553419056,5
36,0.07,0.14714714714714713,1.0,0.0,0.23145414781707374,5
37,0.45,0.14814814814814814,1.0,0.0,0.6211669179201504,5
38,0.5,0.5575575575575575,0.0,0.0,0.793906843422862,0
39,0.84,0.5055055055055054,0.42857142857142855,1.0,0.28109879922369063,4
40,0.86,0.27527527527527523,0.5,1.0,0.46896225810454983,1
41,0.29,0.06406406406406406,0.5428571428571428,0.0,0.39389403348856256,2
42,0.54,0.02002002002002002,0.5,0.0,0.49989266099262086,1
43,0.8,0.5465465465465466,0.5428571428571428,1.0,0.36277302903440156,2
44,0.48,0.4044044044044044,0.5,0.0,0.3754751529831779,3
45,0.78,0.4294294294294294,0.42857142857142855,1.0,0.46804083914823424,4
46,0.86,0.7527527527527527,0.5,1.0,0.26973416206169154,1
47,0.87,0.7817817817817817,1.0,1.0,0.6613676566212463,5
48,0.46,0.7677677677677677,1.0,0.0,0.3639843866778789,5
49,0.33,0.3973973973973974,0.0,0.0,0.6016621441535497,0
50,0.83,0.8068068068068068,0.5,1.0,0.635763615661167,1
51,0.04,0.4344344344344344,1.0,0.0,0.19526459320093692,5
52,0.68,0.6166166166166166,0.5,1.0,0.6880773847943231,1
53,0.27,0.27927927927927926,1.0,0.0,0.4703927911408772,5
54,0.17,0.4884884884884884,1.0,0.0,0.6469413840407248,5
55,0.86,0.40640640640640635,0.42857142857142855,1.0,0.3819821462135222,4
56,0.75,0.4044044044044044,1.0,1.0,0.3357354567612141,5
57,0.77,0.27127127127127126,0.42857142857142855,1.0,0.5538514673679762,4
58,0.73,0.7607607607607607,0.0,1.0,0.34319623947570355,0
59,0.79,0.6386386386386386,0.5428571428571428,1.0,0.38679792155591675,2
60,0.99,0.9419419419419419,0.5,1.0,0.7314600086615075,3
61,0.73,0.4164164164164164,0.0,1.0,0.6340055244671774,0
62,0.84,0.06006006006006005,0.5,1.0,0.6312453030478542,3
63,0.44,0.2912912912912913,0.5428571428571428,0.0,0.681380948385222,2
64,0.78,0.6256256256256256,0.5,1.0,0.6799941929693327,3
65,0.89,0.7497497497497497,0.42857142857142855,1.0,0.6966221313000349,4
66,0.38,0.04004004004004004,1.0,0.0,0.4091424576483613,5
67,0.83,0.7567567567567567,0.0,1.0,0.4104077937505841,0
68,0.98,0.3483483483483483,0.5,1.0,1.0,1
69,0.66,0.31531531531531526,0.5428571428571428,1.0,0.8240771529957935,2
70,0.79,0.36236236236236236,0.42857142857142855,1.0,0.7066523942176635,4
71,0.81,0.5515515515515514,0.5428571428571428,1.0,0.4611892300583347,2
72,0.71,0.8358358358358358,0.0,1.0,0.7001884801355673,0
73,0.71,0.5085085085085085,0.5,1.0,0.46425280970037264,1
74,0.83,0.7637637637637636,0.42857142857142855,1.0,0.8803731103037216,4
75,0.55,0.38138138138138133,0.5,0.0,0.24420466839259292,3
76,0.84,0.4574574574574575,0.42857142857142855,1.0,0.47743556648537,4
77,0.8,0.38038038038038036,0.5,1.0,0.29878017384721245,3
78,0.36,0.2272272272272272,0.8428571428571427,0.0,0.7412745469419004,6
79,0.93,0.14614614614614613,0.5,1.0,0.5442723949756021,1
80,0.62,0.24124124124124124,0.5,1.0,0.5705685933230182,1
81,0.89,0.28828828828828823,0.5,1.0,0.26531152901955957,3
82,0.8,0.2962962962962963,0.5,1.0,0.4609786307030954,3
83,0.39,0.9039039039039037,1.0,0.0,0.3288392503042452,5
84,0.83,0.8388388388388388,0.5,1.0,0.5904439117033331,1
85,0.5,0.3273273273273273,0.5428571428571428,0.0,0.8081353521962444,2
86,0.57,0.33933933933933935,0.5428571428571428,0.0,0.07418975432900754,2
87,0.63,0.5855855855855855,0.0,1.0,0.2937172513082009,0
88,0.92,0.6106106106106105,0.5,1.0,0.36471833937842035,3
89,0.77,0.1161161161161161,1.0,1.0,0.5518003633033537,5
90,0.41,0.93993993993994,0.5428571428571428,0.0,0.4965642459541644,2
91,0.59,0.3593593593593593,0.5,0.0,0.549016213534292,3
92,0.15,0.051051051051051045,0.8428571428571427,0.0,0.3768205310466348,6
93,0.45,0.17417417417417416,0.8428571428571427,0.0,0.516671313006859,6
94,0.29,0.7467467467467467,0.5428571428571428,0.0,0.5886892593946953,2
95,0.94,0.8678678678678678,0.0,1.0,0.643722846890485,0
96,0.94,0.4444444444444445,0.0,1.0,0.14210451239507504,0
97,0.67,0.4304304304304304,0.5428571428571428,1.0,0.5122975843944269,2
98,0.74,0.3993993993993994,0.42857142857142855,1.0,0.8440596706182029,4
99,0.89,0.4324324324324324,0.5428571428571428,1.0,0.41570317023900816,2
100,0.08,0.42342342342342343,1.0,0.0,0.7795876800911481,5
101,0.55,0.27927927927927926,0.0,0.0,0.3896610549542987,0
102,0.5,0.9229229229229229,0.8428571428571427,0.0,0.4322189162291401,6
103,0.02,0.09209209209209208,1.0,0.0,0.37147866690957576,5
104,0.51,0.5965965965965966,0.5,0.0,0.413419614717105,1
105,0.1,0.4424424424424424,1.0,0.0,0.22001443559390443,5
106,0.81,0.6676676676676676,0.5,1.0,0.5618883620966766,3
107,0.85,0.32832832832832826,0.0,1.0,0.4033721310485603,0
108,0.71,0.07207207207207206,0.5,1.0,0.5653440344075376,3
109,0.84,0.6186186186186186,0.42857142857142855,1.0,0.7252491067735003,4
110,0.92,0.34034034034034033,0.5,1.0,0.4583968130554541,3
111,0.91,0.6026026026026026,0.0,1.0,0.2831091409966262,0
112,0.41,0.3233233233233233,0.8428571428571427,0.0,0.47191910996949527,6
113,0.56,0.3693693693693693,0.5428571428571428,0.0,0.4549041324942278,2
114,0.77,0.04104104104104103,0.5,1.0,0.1874431613505907,3
115,0.71,0.5245245245245245,0.42857142857142855,1.0,0.2509743155881481,4
116,0.99,0.6316316316316315,0.5,1.0,0.0,3
117,0.44,0.6036036036036035,0.5,0.0,0.3676050676757723,3
118,0.06,0.32832832832832826,1.0,0.0,0.6532577101612256,5
119,0.81,0.5085085085085085,0.5428571428571428,1.0,0.48133176017467627,2
120,0.44,0.15415415415415415,1.0,0.0,0.6243469021563366,5
121,0.49,0.9709709709709708,0.5,0.0,0.6271937448885694,1
122,0.82,0.8358358358358358,0.5,1.0,0.8158556529092964,1
123,0.56,0.5555555555555555,0.5,0.0,0.463433129994846,3
124,0.73,0.35035035035035034,0.5428571428571428,1.0,0.21689063328467584,2
125,0.36,0.6506506506506506,0.5,0.0,0.219863525783917,1
126,0.55,0.8358358358358358,0.8428571428571427,0.0,0.4317472064095962,6
127,0.77,0.6236236236236237,0.0,1.0,0.6177542493379271,0
128,0.64,0.002002002002002002,0.42857142857142855,1.0,0.6731678925330518,4
129,0.34,0.5445445445445446,1.0,0.0,0.503936179332698,5
130,0.92,0.6576576576576576,0.5428571428571428,1.0,0.2639028191812738,2
131,0.76,0.8308308308308309,0.5,1.0,0.5760111739485207,1
132,0.7,0.2932932932932933,0.5,1.0,0.7450249884914233,1
133,0.37,0.7817817817817817,0.8428571428571427,0.0,0.7370013432663929,6
134,0.92,0.9749749749749749,0.5,1.0,0.15253382179915498,3
135,0.94,0.8228228228228228,0.42857142857142855,1.0,0.46939134677663996,4
136,0.13,0.6906906906906907,1.0,0.0,0.42272746424455065,5
137,0.32,0.38338338338338335,0.8428571428571427,0.0,0.5411848297545081,6
138,0.8,0.3143143143143143,0.5428571428571428,1.0,0.5733721275379515,2
139,0.67,0.2862862862862863,0.42857142857142855,1.0,0.2908963083061371,4
140,0.62,0.6686686686686686,0.5,1.0,0.3421815233470118,3
141,0.43,0.5095095095095095,0.8428571428571427,0.0,0.5908685957550825,6
142,0.84,0.9839839839839839,0.5,1.0,0.5893044987548963,3
143,0.99,0.9729729729729729,0.5,1.0,0.3749692820296928,3
144,0.72,0.9669669669669669,0.5428571428571428,1.0,0.4336907015180753,2
145,0.88,0.9419419419419419,0.5,1.0,0.3507278023847815,1
146,0.55,0.16916916916916916,0.42857142857142855,0.0,0.32755639029685724,4
147,0.96,0.5775775775775774,0.42857142857142855,1.0,0.22604071274472748,4
148,0.2,0.9579579579579579,1.0,0.0,0.6109349597386493,5
149,0.75,0.3133133133133133,0.5428571428571428,1.0,0.7580700053543759,2
150,0.98,0.24224224224224222,0.5,1.0,0.6940546967476025,3
151,0.89,0.9029029029029028,0.0,1.0,0.46189690027329644,0
152,0.37,0.02302302302302302,0.8428571428571427,0.0,0.5114693670118484,6
153,0.42,0.6736736736736737,0.42857142857142855,0.0,0.4625704169469935,4
154,0.5,0.5535535535535535,0.5428571428571428,0.0,0.33515029248399997,2
155,0.46,0.5585585585585585,0.5428571428571428,0.0,0.48404755817107015,2
156,0.76,0.47447447447447444,0.5,1.0,0.2205038669199495,3
157,0.28,0.3363363363363363,0.5428571428571428,0.0,0.5421521000800815,2
158,0.46,0.5845845845845845,0.5,0.0,0.4721296978473717,3
159,0.34,0.6296296296296295,1.0,0.0,0.5169260122722594,5
160,0.14,0.15115115115115113,1.0,0.0,0.5944071192419169,5
161,0.87,0.9989989989989989,0.5,1.0,0.48018636633951384,3
162,0.67,0.26426426426426425,0.42857142857142855,1.0,0.4538937364844966,4
163,0.72,0.6906906906906907,0.5428571428571428,1.0,0.6619583931639048,2
164,0.27,0.39539539539539537,0.8428571428571427,0.0,0.465568865238966,6
165,0.75,0.8288288288288287,0.0,1.0,0.5711964778741276,0
166,0.61,0.05205205205205205,0.0,1.0,0.5034165855079693,0
167,0.02,0.4774774774774774,0.8428571428571427,0.0,0.5485985883353715,6
168,0.82,0.5355355355355355,1.0,1.0,0.676128364482139,5
169,0.67,0.8728728728728729,0.8428571428571427,1.0,0.6878596556261478,6
170,0.69,0.13413413413413414,0.42857142857142855,1.0,0.2885051247798194,4
171,0.78,0.6746746746746747,0.5428571428571428,1.0,0.13582798914207705,2
172,0.79,0.18518518518518517,0.5,1.0,0.5674988959944833,3
173,0.38,0.06206206206206206,0.5428571428571428,0.0,0.41111226968535863,2
174,0.87,0.47847847847847846,0.42857142857142855,1.0,0.38502575387989313,4
175,0.24,0.7627627627627627,1.0,0.0,0.7041377352207923,5
176,0.51,0.2022022022022022,0.42857142857142855,0.0,0.6089243390287193,4
177,0.04,0.45345345345345345,1.0,0.0,0.4263132872125308,5
178,0.77,0.7467467467467467,0.5,1.0,0.4655991607601244,3
179,0.53,0.6466466466466466,0.0,0.0,0.2785738613660851,0
180,0.28,0.6546546546546546,0.8428571428571427,0.0,0.7092481179577024,6
181,0.85,0.5445445445445446,0.42857142857142855,1.0,0.27823918685363047,4
182,0.3,0.7667667667667667,0.5428571428571428,0.0,0.6028925874426005,2
183,0.94,0.4024024024024023,0.0,1.0,0.3844604751439811,0
184,0.82,0.6736736736736737,0.5428571428571428,1.0,0.2207292312732052,2
185,0.32,0.5925925925925926,1.0,0.0,0.4120393878383015,5
186,0.82,0.37637637637637633,0.0,1.0,0.5950193328306876,0
187,0.51,0.5575575575575575,0.8428571428571427,0.0,0.3822957736727499,6
188,0.42,0.2682682682682683,1.0,0.0,0.38565282034534776,5
189,0.91,0.9579579579579579,0.5,1.0,0.7139440449162109,1
190,0.77,0.46646646646646645,0.42857142857142855,1.0,0.4708032527333259,4
191,0.73,0.8408408408408408,0.5,1.0,0.39245937247143337,3
192,0.33,0.1961961961961962,0.8428571428571427,0.0,0.4222355673959497,6
193,0.64,0.7957957957957957,0.42857142857142855,1.0,0.5055486282729416,4
194,0.92,0.04904904904904905,0.42857142857142855,1.0,0.603136260181599,4
195,0.41,0.6676676676676676,0.0,0.0,0.1954418128065869,0
196,0.5,0.01701701701701702,0.0,0.0,0.46936918202531963,0
197,0.84,0.40640640640640635,0.42857142857142855,1.0,0.35340009404150297,4
198,0.06,0.056056056056056056,1.0,0.0,0.8280803707227862,5
199,0.98,0.5285285285285285,0.5,1.0,0.2891544364205292,3
200,0.75,0.17917917917917917,0.0,1.0,0.6921512629345279,0
201,0.78,0.8498498498498498,0.5,1.0,0.732323453822225,3
202,0.3,0.0980980980980981,1.0,0.0,0.4978393063879136,5
203,0.77,0.5535535535535535,0.42857142857142855,1.0,0.16881055834533498,4
204,0.96,0.07407407407407407,0.5,1.0,0.25974263839394296,3
205,1.0,0.3083083083083083,0.5,1.0,0.31853941122986096,1
206,0.88,0.026026026026026026,0.5,1.0,0.4022189881169784,1
207,0.09,0.5605605605605605,0.5428571428571428,0.0,0.18655412035894448,2
208,0.95,0.16716716716716715,0.5,1.0,0.49819467195413636,1
209,0.62,0.007007007007007007,0.5428571428571428,1.0,0.21283471896101647,2
210,0.24,0.5945945945945946,0.8428571428571427,0.0,0.6378730339586081,6
211,0.85,0.7357357357357357,0.5,1.0,0.5766208222980387,3
212,0.43,0.18018018018018017,0.8428571428571427,0.0,0.4089890344761491,6
213,0.33,0.8198198198198197,1.0,0.0,0.7217493842398981,5
214,0.77,0.07407407407407407,0.5,1.0,0.47828831902508573,1
215,0.44,0.5375375375375375,0.8428571428571427,0.0,0.5298271748267722,6
216,0.23,0.9679679679679679,1.0,0.0,0.5493757755735376,5
217,0.59,0.2212212212212212,0.0,0.0,0.5744874893279117,0
218,0.2,0.1161161161161161,1.0,0.0,0.44556094583977557,5
219,0.71,0.45245245245245236,0.5,1.0,0.3791301849287363,1
220,0.85,0.3313313313313313,0.0,1.0,0.26902412776424867,0
221,0.07,0.7377377377377377,1.0,0.0,0.4246694906130377,5
222,0.06,0.06306306306306306,1.0,0.0,0.5223881513981392,5
223,0.5,0.6116116116116116,0.5428571428571428,0.0,0.6109173857146823,2
224,0.87,0.08508508508508508,0.42857142857142855,1.0,0.19464270288330598,4
225,0.91,0.1381381381381381,0.5,1.0,0.3200175368104812,1
226,0.29,0.31531531531531526,1.0,0.0,0.22994204569634213,5
227,0.58,0.4164164164164164,0.0,0.0,0.27777457935389416,0
228,0.28,0.4574574574574575,0.8428571428571427,0.0,0.2578109124618242,6
229,0.45,0.2192192192192192,0.5428571428571428,0.0,0.4861343682383408,2
230,0.97,0.8658658658658658,0.5,1.0,0.6755515868827255,1
231,0.43,0.6166166166166166,1.0,0.0,0.5927932505204536,5
232,0.77,0.8588588588588588,0.42857142857142855,1.0,0.41892205444690167,4
233,0.51,0.26926926926926925,0.8428571428571427,0.0,0.22845053854497488,6
234,0.28,0.4554554554554554,0.8428571428571427,0.0,0.4410046214513812,6
235,0.43,0.06306306306306306,0.8428571428571427,0.0,0.6593192903210754,6
236,0.87,0.5785785785785785,0.5,1.0,0.3360183691071563,1
237,0.02,0.016016016016016016,1.0,0.0,0.4723834701874381,5
238,0.73,0.16616616616616614,0.5428571428571428,1.0,0.02337832352394198,2
239,1.0,0.4774774774774774,0.5,1.0,0.29203093507047395,1
240,0.91,0.38338338338338335,0.0,1.0,0.231838575862231,0
241,0.98,0.9939939939939939,0.5,1.0,0.026081305630091034,1
242,0.14,0.15115115115115113,1.0,0.0,0.48771541636237536,5
243,0.43,0.4294294294294294,0.0,0.0,0.8634502089454168,0
244,0.59,0.30230230230230226,0.42857142857142855,0.0,0.4085168418232634,4
245,0.84,0.24124124124124124,0.5428571428571428,1.0,0.4897337148634453,2
246,0.59,0.17317317317317316,0.5428571428571428,0.0,0.2583695200473799,2
247,0.95,0.2862862862862863,0.5,1.0,0.5044070108421954,1
248,0.64,0.8088088088088088,0.0,1.0,0.3969610203642566,0
249,0.38,0.1161161161161161,0.8428571428571427,0.0,0.3925814770413041,6
250,0.61,0.16716716716716715,0.0,1.0,0.5341838862859156,0
251,0.65,0.9759759759759759,0.0,1.0,0.589823160319632,0
252,0.82,0.0030030030030030025,0.0,1.0,0.4765639359283629,0
253,0.93,0.914914914914915,0.5,1.0,0.27275564952435105,1
254,0.4,0.5025025025025024,1.0,0.0,0.37303989216144773,5
255,0.64,0.3273273273273273,0.0,1.0,0.31379282113756135,0
256,0.71,0.19519519519519518,0.42857142857142855,1.0,0.505297618134738,4
257,0.58,0.8778778778778777,0.5,0.0,0.5794245629994761,3
258,0.05,0.49249249249249244,1.0,0.0,0.598680122503487,5
259,0.14,0.5055055055055054,1.0,0.0,0.717661222599494,5
260,0.84,0.9269269269269268,0.0,1.0,0.40409836202798344,0
261,0.95,0.7707707707707707,0.5,1.0,0.6210490802465707,3
262,0.23,0.4634634634634634,0.5428571428571428,0.0,0.2720058537631478,2
263,0.38,0.9689689689689689,0.8428571428571427,0.0,0.16399258400923844,6
264,0.12,0.2502502502502502,0.8428571428571427,0.0,0.29311044578431544,6
265,0.93,0.37237237237237236,0.0,1.0,0.5808252274783081,0
266,0.79,0.16816816816816815,0.5428571428571428,1.0,0.578840458146376,2
267,0.87,0.28028028028028024,0.0,1.0,0.6323365320898853,0
268,0.57,0.4194194194194194,1.0,0.0,0.5648381553303372,5
269,0.32,0.5025025025025024,0.8428571428571427,0.0,0.5931029097971974,6
270,0.99,0.9929929929929929,0.5,1.0,0.34312880072324736,1
271,0.48,0.38838838838838835,0.8428571428571427,0.0,0.5405783251158547,6
272,0.9,0.9489489489489489,1.0,1.0,0.3673173940154708,5
273,0.36,0.47847847847847846,0.8428571428571427,0.0,0.5012784024190318,6
274,0.78,0.7747747747747747,0.5428571428571428,1.0,0.6490721293104873,2
275,0.39,0.9769769769769768,1.0,0.0,0.4367754378239057,5
276,0.76,0.8148148148148148,0.5428571428571428,1.0,0.5572377607788339,2
277,0.96,0.9949949949949949,0.5,1.0,0.5745878084562486,1
278,0.44,0.07807807807807808,0.8428571428571427,0.0,0.34422101388410486,6
279,0.97,0.25725725725725723,0.5,1.0,0.8331303708104416,3
280,0.7,0.1011011011011011,1.0,1.0,0.24436555263022952,5
281,0.28,0.2952952952952953,1.0,0.0,0.7799529312860556,5
282,0.24,0.48348348348348347,1.0,0.0,0.3263379788470684,5
283,0.5,0.7307307307307307,0.0,0.0,0.6123256740308098,0
284,0.88,0.42842842842842843,0.0,1.0,0.39610462673170876,0
285,0.61,0.3083083083083083,0.5,1.0,0.5958329026935381,1
286,0.67,0.2632632632632632,0.0,1.0,0.46954641018527976,0
287,0.93,0.5415415415415415,0.0,1.0,0.3707905886863485,0
288,0.29,0.03503503503503503,0.8428571428571427,0.0,0.5760332518022444,6
289,0.76,0.9729729729729729,0.42857142857142855,1.0,0.49016645034292505,4
290,0.8,0.3973973973973974,0.8428571428571427,1.0,0.5450763201783915,6
291,0.51,0.41441441441441434,0.8428571428571427,0.0,0.3595960337608106,6
292,0.82,0.3443443443443443,0.0,1.0,0.5839000299681083,0
293,0.7,0.6946946946946947,0.42857142857142855,1.0,0.4131957734678442,4
294,0.73,0.02002002002002002,0.5,1.0,0.6470732605228491,1
295,0.78,0.7447447447447447,1.0,1.0,0.3540923341704427,5
296,0.74,0.5175175175175175,0.0,1.0,0.6460476498365828,0
297,0.77,0.03303303303303303,0.42857142857142855,1.0,0.35175132989885194,4
298,0.67,0.17817817817817816,0.5428571428571428,1.0,0.428500418639,2
299,0.57,0.16316316316316315,0.8428571428571427,0.0,0.5014342646971768,6
300,0.62,0.17317317317317316,0.5428571428571428,1.0,0.6108441388768697,2
301,0.65,0.4674674674674674,0.5428571428571428,1.0,0.11211446491110211,2
302,0.64,0.2982982982982983,0.0,1.0,0.634141481877889,0
303,0.6,0.8578578578578578,0.5428571428571428,0.0,0.7718776567350447,2
304,0.39,0.03503503503503503,1.0,0.0,0.6240030917834554,5
305,0.93,0.8458458458458457,0.5,1.0,0.15147509918297364,1
306,0.88,0.913913913913914,0.5,1.0,0.5026457600730561,3
307,0.53,0.2612612612612612,0.5428571428571428,0.0,0.4267336962785815,2
308,0.53,0.5305305305305305,0.8428571428571427,0.0,0.6703358347885608,6
309,0.59,0.45845845845845845,0.5,0.0,0.6049043235633491,1
310,0.83,0.005005005005005005,0.5,1.0,0.7604889546940883,3
311,0.56,0.6336336336336336,0.8428571428571427,0.0,0.569531715494592,6
312,0.51,0.5315315315315314,0.0,0.0,0.6966739795016426,0
313,0.71,0.7287287287287287,0.42857142857142855,1.0,0.41837650670000626,4
314,0.72,0.8128128128128127,0.5,1.0,0.06091390102839478,1
315,0.14,0.6236236236236237,1.0,0.0,0.48035837922892766,5
316,0.81,0.47447447447447444,0.0,1.0,0.613810246000881,0
317,0.78,0.13713713713713713,0.5428571428571428,1.0,0.6312632549476342,2
318,0.55,0.9739739739739739,0.0,0.0,0.5504189719290487,0
319,0.85,0.013013013013013013,0.42857142857142855,1.0,0.4478062258657989,4
320,0.4,0.6446446446446447,0.5,0.0,0.21472004981978854,3
321,0.63,0.42642642642642636,0.8428571428571427,1.0,0.40714695137838475,6
322,0.92,0.38638638638638634,0.5,1.0,0.5421337329032465,3
323,0.33,0.8448448448448447,0.5,0.0,0.2804397087271775,1
324,0.68,0.6846846846846846,0.42857142857142855,1.0,0.7083211404645966,4
325,0.17,0.7247247247247247,0.5428571428571428,0.0,0.45198520631037176,2
326,0.7,0.6416416416416416,0.42857142857142855,1.0,0.5529342255732568,4
327,0.99,0.49249249249249244,0.5,1.0,0.5118168688305476,1
328,0.65,0.08808808808808809,0.5,1.0,0.2543856252408667,3
329,0.74,0.3413413413413413,0.42857142857142855,1.0,0.4499183757103167,4
330,0.79,0.6596596596596596,0.42857142857142855,1.0,0.33220853125658634,4
331,0.57,0.49249249249249244,0.8428571428571427,0.0,0.36467440137396245,6
332,0.79,0.7577577577577578,0.0,1.0,0.3906160116585162,0
333,0.7,0.004004004004004004,0.0,1.0,0.5961590585665699,0
334,0.92,0.6016016016016016,0.5,1.0,0.46881401700044134,1
335,0.84,0.7007007007007007,0.42857142857142855,1.0,0.6682357632727458,4
336,0.58,0.6726726726726726,0.5428571428571428,0.0,0.6978633231862927,2
337,0.24,0.5835835835835835,1.0,0.0,0.7455434454125494,5
338,0.55,0.7867867867867867,0.8428571428571427,0.0,0.3843445921887092,6
339,0.09,0.45345345345345345,1.0,0.0,0.030439389403356776,5
340,0.62,0.28828828828828823,0.5,1.0,0.5944951943384715,1
341,0.34,0.4434434434434434,0.8428571428571427,0.0,0.6798710618525545,6
342,0.81,0.6836836836836836,0.5428571428571428,1.0,0.611811096873667,2
343,0.96,0.5845845845845845,0.5,1.0,0.28511804874863245,3
344,0.98,0.9329329329329329,0.5,1.0,0.3103427440828148,1
345,0.5,0.5215215215215214,0.42857142857142855,0.0,0.5705724064561417,4
346,0.71,0.2182182182182182,0.0,1.0,0.42641115990953526,0
347,0.26,0.9199199199199198,0.8428571428571427,0.0,0.4622843411111557,6
348,0.94,0.7707707707707707,0.0,1.0,0.31078088702898676,0
349,0.8,0.7737737737737738,0.5428571428571428,1.0,0.48374518335709005,2
350,0.54,0.5385385385385385,1.0,0.0,0.5252658556843548,5
351,0.87,0.9119119119119118,0.0,1.0,0.5439096996718422,0
352,0.96,0.06306306306306306,0.5428571428571428,1.0,0.455139475055379,2
353,0.59,0.9279279279279278,0.42857142857142855,0.0,0.5413649287079885,4
354,0.37,0.8878878878878878,1.0,0.0,0.351655664565373,5
355,0.71,0.2102102102102102,0.0,1.0,0.6048403316701185,0
356,0.77,0.8528528528528527,0.42857142857142855,1.0,0.4076123216158307,4
357,0.24,0.9529529529529528,1.0,0.0,0.5238958640759581,5
358,0.69,0.5665665665665666,0.5428571428571428,1.0,0.5434369065944589,2
359,0.48,0.8408408408408408,0.0,0.0,0.38608642212393973,0
360,0.56,0.8598598598598598,0.5428571428571428,0.0,0.4621062401839062,2
361,0.16,0.6326326326326326,1.0,0.0,0.49396921207512046,5
362,0.74,0.3663663663663663,0.0,1.0,0.4120286396170254,0
363,0.64,0.6636636636636636,0.5428571428571428,1.0,0.7733424945950502,2
364,0.68,0.9689689689689689,0.5,1.0,0.28028720682971486,3
365,0.97,0.20720720720720717,0.5,1.0,0.4266457992307917,3
366,0.57,0.2632632632632632,0.0,0.0,0.4627788378890707,0
367,0.69,0.48748748748748744,0.5428571428571428,1.0,0.2069530620294513,2
368,0.68,0.2122122122122122,0.5,1.0,0.5392270662421847,1
369,0.88,0.47947947947947944,0.0,1.0,0.33814112109401684,0
370,0.93,0.5135135135135135,0.5,1.0,0.5510007629639933,1
371,1.0,0.7207207207207207,0.5,1.0,0.3059983998722615,1
372,0.82,0.8208208208208206,0.5,1.0,0.4104512399155815,3
373,0.5,0.37837837837837834,1.0,0.0,0.5414987111339016,5
374,0.81,0.5315315315315314,0.5,1.0,0.7177836349344666,1
375,0.78,0.37037037037037035,0.42857142857142855,1.0,0.4729402919680463,4
376,0.49,0.7627627627627627,0.8428571428571427,0.0,0.4900051250011068,6
377,0.41,0.37537537537537535,0.8428571428571427,0.0,0.449977098253866,6
378,0.8,0.5655655655655656,0.0,1.0,0.6274358386537162,0
379,0.96,0.5595595595595595,0.5,1.0,0.7144674476639474,1
380,0.83,0.16216216216216217,0.5,1.0,0.6103539483588154,1
381,0.8,0.4354354354354354,0.42857142857142855,1.0,0.43544388903053965,4
382,0.76,0.8518518518518517,0.0,1.0,0.39152817903357184,0
383,0.8,0.9769769769769768,0.42857142857142855,1.0,0.07092727292422318,4
384,0.77,0.06906906906906905,0.5,1.0,0.603650091961915,3
385,0.8,0.4554554554554554,0.42857142857142855,1.0,0.11333105030825985,4
386,0.66,0.5385385385385385,0.42857142857142855,1.0,0.48291562983027636,4
387,0.57,0.9949949949949949,0.8428571428571427,0.0,0.5581130880770266,6
388,0.79,0.7497497497497497,0.5428571428571428,1.0,0.3648939653127219,2
389,0.67,0.9309309309309309,0.5428571428571428,1.0,0.4980048378846844,2
390,0.89,0.6196196196196196,0.5,1.0,0.5682982401337926,1
391,0.96,0.6216216216216216,0.42857142857142855,1.0,0.6296364958818395,4
392,0.49,0.42342342342342343,0.8428571428571427,0.0,0.6879127888807988,6
393,0.49,0.3163163163163163,1.0,0.0,0.4800141598247081,5
394,0.83,0.26926926926926925,0.0,1.0,0.5598284083263474,0
395,0.74,0.28028028028028024,0.5,1.0,0.4016103782097167,1
396,0.88,0.8568568568568569,0.5,1.0,0.22773515352630702,1
397,0.29,0.8498498498498498,0.5,0.0,0.8101269545078824,3
398,0.68,0.06006006006006005,0.5428571428571428,1.0,0.7754543425603428,2
399,0.62,0.6066066066066065,0.5428571428571428,1.0,0.5742270959245108,2
400,0.32,0.8908908908908909,0.8428571428571427,0.0,0.5725725829817028,6
401,0.9,0.6126126126126126,0.5,1.0,0.3114876115811789,1
402,0.33,0.888888888888889,1.0,0.0,0.41307839244983247,5
403,0.93,0.1031031031031031,0.0,1.0,0.44840904715417085,0
404,0.9,0.08408408408408408,0.0,1.0,0.7209381618034432,0
405,0.99,0.6646646646646646,0.5,1.0,0.18105993027331646,3
406,0.68,0.7497497497497497,0.42857142857142855,1.0,0.2036736528362182,4
407,0.85,0.4124124124124124,0.5428571428571428,1.0,0.4976244616034238,2
408,0.62,0.3003003003003003,0.5428571428571428,1.0,0.5651703270902588,2
409,0.64,0.7157157157157157,0.0,1.0,0.4010686344941541,0
410,0.57,0.6946946946946947,0.0,0.0,0.600484455051536,0
411,0.69,0.4554554554554554,0.5428571428571428,1.0,0.5704007213043618,2
412,0.86,0.28228228228228225,0.5428571428571428,1.0,0.5927602711274937,2
413,0.69,0.6976976976976976,0.0,1.0,0.46090836644388156,0
414,0.65,0.2502502502502502,0.5,1.0,0.33954585458263686,3
415,0.84,0.9829829829829829,0.5,1.0,0.5795792293671125,3
416,0.78,0.19919919919919918,0.5428571428571428,1.0,0.554982951136723,2
417,0.83,0.9699699699699699,0.0,1.0,0.34412052024738227,0
418,0.9,0.6866866866866866,0.5,1.0,0.6555677904812209,1
419,0.32,0.7897897897897896,0.5,0.0,0.28175506239705883,1
420,0.48,0.5595595595595595,1.0,0.0,0.256746871644445,5
421,0.65,0.8198198198198197,0.42857142857142855,1.0,0.47223125730411364,4
422,0.73,0.6206206206206206,0.42857142857142855,1.0,0.41967029827176905,4
423,0.66,0.4104104104104103,1.0,1.0,0.5925292160968885,5
424,0.84,0.03203203203203203,0.0,1.0,0.13712999536235526,0
425,0.5,0.3613613613613613,0.42857142857142855,0.0,0.4157870952537821,4
426,0.49,0.1011011011011011,0.8428571428571427,0.0,0.34919576441826483,6
427,0.27,0.7667667667667667,1.0,0.0,0.43780515152728827,5
428,0.81,0.3383383383383383,0.5,1.0,0.6481907922696071,3
429,0.71,0.37537537537537535,0.5428571428571428,1.0,0.4165820950166892,2
430,0.99,0.13513513513513514,0.5,1.0,0.5891627398886063,3
431,0.08,0.5545545545545545,0.8428571428571427,0.0,0.40475354421768994,6
432,0.92,0.8118118118118117,0.5,1.0,0.2717102827777029,1
433,0.21,0.5765765765765765,1.0,0.0,0.12659828390346806,5
434,0.39,0.8688688688688688,0.8428571428571427,0.0,0.5214973618807446,6
435,0.6,0.3273273273273273,0.0,0.0,0.589739081480299,0
436,0.68,0.08308308308308307,0.42857142857142855,1.0,0.42305785268790386,4
437,0.88,0.5595595595595595,0.0,1.0,0.2622809060960436,0
438,0.67,0.5765765765765765,0.42857142857142855,1.0,0.5335100607677123,4
439,0.68,0.16916916916916916,0.5,1.0,0.4395300361393788,1
440,0.18,0.11211211211211211,0.8428571428571427,0.0,0.5423906729276031,6
441,0.78,0.25925925925925924,0.0,1.0,0.27477247758321144,0
442,0.3,0.20120120120120116,1.0,0.0,0.5561396541178103,5
443,0.87,0.9779779779779778,0.5428571428571428,1.0,0.24666371938967235,2
444,0.63,0.02102102102102102,0.42857142857142855,1.0,0.07890920667630352,4
445,0.67,0.30230230230230226,0.5,1.0,0.49157882536161623,3
446,0.98,0.3423423423423423,0.5,1.0,0.7194540649683416,3
447,0.36,0.6056056056056055,0.8428571428571427,0.0,0.49740931467649574,6
448,0.91,0.9769769769769768,0.42857142857142855,1.0,0.17291812872192214,4
449,0.43,0.9739739739739739,1.0,0.0,0.3598078821927422,5
450,0.16,0.026026026026026026,1.0,0.0,0.23040077109992163,5
451,0.97,0.7807807807807807,0.5,1.0,0.323373579803621,1
452,0.12,0.16416416416416413,1.0,0.0,0.6669394026382882,5
453,0.26,0.8678678678678678,0.5,0.0,0.23511904388853444,1
454,0.72,0.38038038038038036,0.5,1.0,0.3856400487289051,1
455,0.77,0.5585585585585585,0.42857142857142855,1.0,0.6038312135683324,4
456,0.34,0.42242242242242234,0.5428571428571428,0.0,0.5185096866163663,2
457,0.85,0.11311311311311309,0.5,1.0,0.2125974105254238,1
458,0.83,0.8978978978978979,0.5,1.0,0.7298086077112822,3
459,0.66,0.4494494494494494,1.0,1.0,0.46139175580044833,5
460,0.24,0.5655655655655656,0.8428571428571427,0.0,0.4899986684475821,6
461,0.83,0.6266266266266266,0.5,1.0,0.15686795890088367,3
462,0.37,0.6086086086086085,0.42857142857142855,0.0,0.34540520309797285,4
463,1.0,0.8828828828828829,0.5,1.0,0.23879828222086052,3
464,0.84,0.14514514514514512,0.5,1.0,0.6852873109743105,1
465,0.49,0.6116116116116116,0.5428571428571428,0.0,0.5356616862985168,2
466,0.86,0.06806806806806807,0.5,1.0,0.5796690798433481,3
467,0.88,0.5255255255255254,0.5,1.0,0.4994380612975762,1
468,0.17,0.9869869869869868,1.0,0.0,0.1812543819136927,5
469,0.71,0.8848848848848848,0.42857142857142855,1.0,0.5248088393886274,4
470,0.57,0.6156156156156156,0.0,0.0,0.40383776943975236,0
471,0.34,0.32432432432432434,0.8428571428571427,0.0,0.27707501173608184,6
472,0.67,0.9229229229229229,1.0,1.0,0.5602899382705613,5
473,0.51,0.8968968968968969,0.5,0.0,0.47119801472440237,1
474,0.69,0.9169169169169169,0.42857142857142855,1.0,0.21120572626646728,4
475,0.85,0.8658658658658658,0.0,1.0,0.6672538836370332,0
476,0.41,0.30330330330330324,0.5428571428571428,0.0,0.8348464706017211,2
477,0.42,0.9249249249249248,0.0,0.0,0.3289132901399163,0
478,0.48,0.7257257257257257,0.8428571428571427,0.0,0.5716855807619772,6
479,0.75,0.5215215215215214,0.0,1.0,0.6079807111823292,0
480,0.65,0.44144144144144143,0.5428571428571428,1.0,0.35067965610351237,2
481,0.71,0.7047047047047047,0.0,1.0,0.33945951516645634,0
482,0.95,0.050050050050050046,0.42857142857142855,1.0,0.3995134728545098,4
483,0.43,0.7137137137137136,1.0,0.0,0.2823332654634141,5
484,0.3,0.09709709709709709,0.8428571428571427,0.0,0.8461447934824666,6
485,0.56,0.33033033033033027,0.5,0.0,0.6573858751796195,3
486,0.81,0.5755755755755755,0.0,1.0,0.47497667774033414,0
487,0.81,0.5915915915915916,0.0,1.0,0.38354389324263183,0
488,0.55,0.43143143143143137,0.5,0.0,0.39085073624463007,3
489,0.66,0.5745745745745745,0.5,1.0,0.6609521459798329,1
490,0.38,0.4944944944944945,0.42857142857142855,0.0,0.5283720467937247,4
491,0.83,0.31731731731731727,0.42857142857142855,1.0,0.3589587225917954,4
492,0.72,0.8538538538538537,0.5,1.0,0.6503631863686543,3
493,0.44,0.21121121121121117,1.0,0.0,0.43073283402407947,5
494,0.51,0.48748748748748744,0.8428571428571427,0.0,0.24446200202344404,6
495,0.9,0.8208208208208206,0.5,1.0,0.5491346992565973,3
496,0.69,0.9789789789789788,0.0,1.0,0.34119419168668474,0
497,0.33,0.9849849849849849,0.5,0.0,0.5455306083638696,3
498,0.54,0.6846846846846846,0.42857142857142855,0.0,0.48909854571124556,4
499,0.6,0.42142142142142136,0.5428571428571428,0.0,0.5382410637016255,2
500,0.94,0.16916916916916916,0.42857142857142855,1.0,0.16404695927459478,4
501,0.81,0.28128128128128127,0.0,1.0,0.5291588346968574,0
502,0.88,0.2362362362362362,0.42857142857142855,1.0,0.6547627843677009,4
503,0.52,0.41341341341341337,0.0,0.0,0.4870125501268152,0
504,0.99,0.26426426426426425,0.5,1.0,0.6481173092247243,1
505,0.69,0.7067067067067067,0.5428571428571428,1.0,0.31923098079778556,2
506,0.63,0.6106106106106105,0.42857142857142855,1.0,0.43287687598766955,4
507,0.28,0.24224224224224222,0.8428571428571427,0.0,0.38886276307541956,6
508,0.46,0.5255255255255254,1.0,0.0,0.6415085356442012,5
509,0.63,0.8948948948948948,0.5428571428571428,1.0,0.32281611742683003,2
510,0.73,0.8968968968968969,0.0,1.0,0.5115030307390105,0
511,0.53,0.16216216216216217,0.0,0.0,0.3041602678385167,0
512,0.69,0.9799799799799798,0.5428571428571428,1.0,0.6084487874879774,2
513,0.67,0.4424424424424424,0.0,1.0,0.3914052305358595,0
514,0.72,0.9059059059059059,0.0,1.0,0.7737269880535127,0
515,0.71,0.7857857857857857,0.5,1.0,0.5527415467715344,3
516,0.91,0.6476476476476476,0.42857142857142855,1.0,0.6560745005644555,4
517,0.61,0.9689689689689689,0.8428571428571427,1.0,0.6334073895134593,6
518,0.74,0.03603603603603603,0.0,1.0,0.3836345048840071,0
519,0.34,0.7217217217217217,1.0,0.0,0.3238907767905095,5
520,0.85,0.23323323323323322,0.42857142857142855,1.0,0.2383640929768751,4
521,0.91,0.014014014014014014,0.0,1.0,0.6118314802884444,0
522,0.48,0.42642642642642636,0.8428571428571427,0.0,0.17978993415679567,6
523,0.56,0.14114114114114112,0.8428571428571427,0.0,0.5042541494869384,6
524,0.65,0.7787787787787788,0.5,1.0,0.6057277311344618,3
525,0.94,0.6946946946946947,0.5,1.0,0.47504788977321244,1
526,0.5,0.18018018018018017,0.5428571428571428,0.0,0.35313179648194626,2
527,0.35,0.5085085085085085,0.0,0.0,0.6039293593984632,0
528,0.32,0.4984984984984985,0.0,0.0,0.5249373527002872,0
529,0.67,0.05205205205205205,0.5428571428571428,1.0,0.4292321744156482,2
530,0.95,0.6776776776776776,0.5,1.0,0.48346242663543637,1
531,0.83,0.47147147147147145,0.0,1.0,0.5983497633714192,0
532,0.62,0.3593593593593593,0.42857142857142855,1.0,0.6106770048383436,4
533,0.66,0.7607607607607607,0.42857142857142855,1.0,0.4298839495326974,4
534,0.51,0.5225225225225224,0.8428571428571427,0.0,0.4087036968759128,6
535,0.84,0.8928928928928929,0.0,1.0,0.4645886040848477,0
536,0.94,0.47947947947947944,0.0,1.0,0.2411152751291501,0
537,0.57,0.23923923923923923,0.8428571428571427,0.0,0.47735143185036044,6
538,0.52,0.8748748748748748,1.0,0.0,0.47043682188156666,5
539,0.78,0.9469469469469469,0.5,1.0,0.6117499303291742,3
540,0.74,0.5595595595595595,0.0,1.0,0.8792638903293237,0
541,0.47,0.8718718718718719,0.5428571428571428,0.0,0.554826652359439,2
542,0.89,0.45245245245245236,0.5428571428571428,1.0,0.5701562145177714,2
543,0.61,0.9789789789789788,0.42857142857142855,1.0,0.658402890363285,4
544,0.65,0.5215215215215214,0.0,1.0,0.6875315921487417,0
545,0.69,0.8728728728728729,0.5428571428571428,1.0,0.49261692120492584,2
546,0.18,0.5485485485485485,1.0,0.0,0.44004104684192535,5
547,0.79,0.8468468468468469,0.5428571428571428,1.0,0.6697068401847324,2
548,0.48,0.7947947947947948,0.42857142857142855,0.0,0.5196415679289605,4
549,0.35,0.14814814814814814,0.5428571428571428,0.0,0.5173153693625194,2
550,0.35,0.9819819819819819,1.0,0.0,0.505880729099379,5
551,0.7,0.1391391391391391,0.5,1.0,0.24449413831333633,3
552,0.58,0.5835835835835835,0.8428571428571427,0.0,0.38623916510107037,6
553,0.64,0.5125125125125125,0.0,1.0,0.6530198782234673,0
554,0.72,0.01201201201201201,0.0,1.0,0.34560444533252044,0
555,0.47,0.4434434434434434,0.42857142857142855,0.0,0.37890345181308915,4
556,0.25,0.5915915915915916,0.8428571428571427,0.0,0.5914951055248427,6
557,0.87,0.49149149149149146,0.5,1.0,0.3995251372826709,3
558,0.17,0.6376376376376376,1.0,0.0,0.5274599354517064,5
559,1.0,0.7657657657657657,0.5,1.0,0.5460775596706271,1
560,0.37,0.5135135135135135,0.8428571428571427,0.0,0.5327063242388697,6
561,0.85,0.2732732732732733,0.0,1.0,0.5979039196152107,0
562,0.61,0.18318318318318316,0.5428571428571428,1.0,0.6635696971989893,2
563,0.62,0.6886886886886886,0.8428571428571427,1.0,0.6386740354288998,6
564,0.73,0.9119119119119118,0.0,1.0,0.6096260443138777,0
565,0.97,0.13113113113113112,0.5,1.0,0.35079197386536554,1
566,0.86,0.3423423423423423,0.5,1.0,0.33698690925274755,1
567,0.96,0.9819819819819819,0.5,1.0,0.558905265553935,1
568,0.55,0.1191191191191191,0.0,0.0,0.5643186818007522,0
569,0.89,0.27727727727727725,0.42857142857142855,1.0,0.8165064706147849,4
570,0.27,0.5295295295295295,0.8428571428571427,0.0,0.18428483562381714,6
571,0.86,0.18518518518518517,0.0,1.0,0.8845188362825629,0
572,0.78,0.5205205205205204,0.42857142857142855,1.0,0.720103963812029,4
573,0.04,0.4574574574574575,1.0,0.0,0.4225569852700095,5
574,0.81,0.8418418418418417,0.42857142857142855,1.0,0.7260640683552309,4
575,0.42,0.6776776776776776,1.0,0.0,0.5418441586172433,5
576,0.6,0.991991991991992,0.0,0.0,0.37926340054797714,0
577,0.63,0.988988988988989,0.5428571428571428,1.0,0.8340398889618348,2
578,0.58,0.4984984984984985,0.0,0.0,0.2921721735548586,0
579,0.35,0.5205205205205204,0.5428571428571428,0.0,0.24452626785403409,2
580,0.71,0.5415415415415415,0.5,1.0,0.46494648125828086,3
581,0.52,0.7797797797797797,0.5,0.0,0.38094522406869524,3
582,0.9,0.5545545545545545,0.5,1.0,0.44972527135343165,3
583,0.49,0.6176176176176176,0.5,0.0,0.45892774944085946,1
584,0.36,0.7657657657657657,0.0,0.0,0.6818219946185167,0
585,0.68,0.5935935935935935,0.5428571428571428,1.0,0.4185414054575176,2
586,0.5,0.42142142142142136,0.0,0.0,0.39380930083202426,0
587,0.86,0.6916916916916916,0.5428571428571428,1.0,0.4698855246814788,2
588,0.13,0.2022022022022022,1.0,0.0,0.4738327538576237,5
589,0.31,0.9589589589589589,0.5428571428571428,0.0,0.6075231783580819,2
590,0.91,0.5055055055055054,0.42857142857142855,1.0,0.5153312438118411,4
591,0.7,0.5485485485485485,0.5,1.0,0.5475561585892721,3
592,0.47,0.9379379379379378,0.42857142857142855,0.0,0.9064013924085863,4
593,0.96,0.15015015015015015,0.5,1.0,0.6219074879873057,3
594,0.77,0.16116116116116116,0.5428571428571428,1.0,0.3767122519604764,2
595,0.74,0.4854854854854854,0.5,1.0,0.37879663749039105,1
596,0.55,0.6596596596596596,0.5,0.0,0.5228784877392787,1
597,0.51,0.8978978978978979,0.8428571428571427,0.0,0.4746629503965767,6
598,0.26,0.6646646646646646,0.8428571428571427,0.0,0.6634700057651257,6
599,0.61,0.3293293293293293,0.5,1.0,0.6461360951627821,3
600,0.91,0.27527527527527523,0.5,1.0,0.3525779331139689,1
601,0.84,0.7847847847847848,0.0,1.0,0.5110029238542915,0
602,0.93,0.7997997997997998,0.5428571428571428,1.0,0.4675182220511036,2
603,0.43,0.2362362362362362,1.0,0.0,0.36293608635153496,5
604,0.62,0.8668668668668668,0.8428571428571427,1.0,0.5843014231293022,6
605,0.54,0.6026026026026026,0.8428571428571427,0.0,0.3952314165776467,6
606,0.46,0.0030030030030030025,0.8428571428571427,0.0,0.314749933870186,6
607,0.46,0.1301301301301301,0.0,0.0,0.3464978381172825,0
608,0.85,0.28228228228228225,0.5,1.0,0.05145244397936599,3
609,0.94,0.08908908908908908,0.5,1.0,0.4158080693157111,3
610,0.89,0.17017017017017017,0.0,1.0,0.014682070583198037,0
611,0.6,0.28828828828828823,0.5,0.0,0.6656032822897675,1
612,0.91,0.26226226226226224,0.5,1.0,0.2847480135586251,3
613,0.05,0.9749749749749749,1.0,0.0,0.6653839021633297,5
614,0.97,0.9319319319319319,0.5,1.0,0.34407024866333713,3
615,0.0,0.9789789789789788,1.0,0.0,0.3719822289504877,5
616,0.38,0.1171171171171171,0.5428571428571428,0.0,0.2909200323982166,2
617,0.65,0.3133133133133133,0.5428571428571428,1.0,0.4702753138400615,2
618,0.84,0.03603603603603603,0.5,1.0,0.6132544971972858,1
619,0.82,0.45845845845845845,0.5,1.0,0.5843397621291766,3
620,0.24,0.8238238238238238,0.5428571428571428,0.0,0.5533060512161945,2
621,0.53,0.8878878878878878,0.0,0.0,0.5386315292965167,0
622,0.72,0.15415415415415415,0.5,1.0,0.6427363190046247,3
623,0.65,0.5695695695695696,0.5,1.0,0.7592520499835502,3
624,0.69,0.3993993993993994,0.0,1.0,0.42477830971182007,0
625,0.97,0.29929929929929927,0.5,1.0,0.34107459888900493,3
626,0.45,0.20020020020020018,1.0,0.0,0.6070312267885687,5
627,0.61,0.6316316316316315,0.42857142857142855,1.0,0.43466717392437415,4
628,0.24,0.5275275275275274,1.0,0.0,0.6229372169032705,5
629,0.55,0.24924924924924924,0.0,0.0,0.25299374436919275,0
630,0.73,0.8138138138138138,0.0,1.0,0.5228993182948434,0
631,0.63,0.04504504504504504,0.0,1.0,0.5856099577008447,0
632,0.44,0.3413413413413413,1.0,0.0,0.5648381553303372,5
633,0.89,0.4774774774774774,0.42857142857142855,1.0,0.1194185852100913,4
634,0.07,0.6916916916916916,1.0,0.0,0.6568661442842127,5
635,0.66,0.18818818818818817,0.5,1.0,0.5752290375550786,1
636,0.91,0.08608608608608607,0.5,1.0,0.4724558993183572,1
637,0.9,0.02002002002002002,0.5,1.0,0.47115420255070695,1
638,0.35,0.5545545545545545,0.8428571428571427,0.0,0.3734692165758786,6
639,0.94,0.5535535535535535,0.42857142857142855,1.0,0.47181007135272734,4
640,0.77,0.16116116116116116,0.0,1.0,0.8650306549652367,0
641,0.89,0.4684684684684684,0.5,1.0,0.4201297277829348,1
642,0.26,0.6226226226226226,1.0,0.0,0.7729935915116795,5
643,0.96,0.4164164164164164,0.5,1.0,0.6949620976971327,1
644,0.87,0.6186186186186186,0.0,1.0,0.3060198940496721,0
645,0.69,0.8538538538538537,0.5428571428571428,1.0,0.37150668610516147,2
646,0.98,0.5625625625625625,0.5,1.0,0.6454902000619824,3
647,0.78,0.5065065065065064,0.5,1.0,0.3698447099660127,1
648,0.93,0.7697697697697697,0.5,1.0,0.5426517587564998,1
649,0.37,0.6656656656656657,0.42857142857142855,0.0,0.6143296123530071,4
650,0.93,0.45945945945945943,0.5,1.0,0.6053940408349723,1
651,0.06,0.16416416416416413,1.0,0.0,0.4067135506242574,5
652,0.85,0.7137137137137136,1.0,1.0,0.6990286723247334,5
653,0.93,0.8278278278278277,0.5,1.0,0.4869401094598642,3
654,0.61,0.19719719719719717,0.42857142857142855,1.0,0.45929120902425447,4
655,0.25,0.5125125125125125,1.0,0.0,0.27798124579190153,5
656,0.9,0.3043043043043043,0.0,1.0,0.3526096365246032,0
657,0.55,0.7377377377377377,0.5428571428571428,0.0,0.38052319674597124,2
658,0.49,0.6726726726726726,0.42857142857142855,0.0,0.7846554998000101,4
659,0.94,0.8288288288288287,0.42857142857142855,1.0,0.5554677276706352,4
660,0.69,0.49949949949949946,0.5428571428571428,1.0,0.466452539907124,2
661,0.87,0.9689689689689689,0.5,1.0,0.5935629456496991,1
662,0.58,0.9229229229229229,0.5,0.0,0.5063688305399945,3
663,0.33,0.30330330330330324,0.5428571428571428,0.0,0.5931621348180345,2
664,0.28,0.1221221221221221,0.42857142857142855,0.0,0.576833260534465,4
665,0.57,0.7207207207207207,0.42857142857142855,0.0,0.6624464969915647,4
666,0.8,0.08908908908908908,0.5,1.0,0.6315374006804564,3
667,0.66,0.7367367367367367,0.5,1.0,0.5370636515177933,3
668,0.7,0.6196196196196196,0.42857142857142855,1.0,0.8396676154794771,4
669,0.79,0.5325325325325325,0.5,1.0,0.17845983728954273,1
670,0.04,0.5895895895895895,1.0,0.0,0.5885265852968586,5
671,0.67,0.09109109109109109,0.5,1.0,0.668593810845681,1
672,0.29,0.09909909909909909,0.5428571428571428,0.0,0.36691373993572474,2
673,0.13,0.5095095095095095,0.8428571428571427,0.0,0.6317318230565065,6
674,0.93,0.914914914914915,0.5428571428571428,1.0,0.6563685828155097,2
675,0.92,0.44644644644644643,0.0,1.0,0.5165573740036009,0
676,0.27,0.6216216216216216,0.5,0.0,0.6548880907602872,3
677,0.59,0.5345345345345345,0.5428571428571428,0.0,0.6464057703027655,2
678,0.27,0.9459459459459458,0.5428571428571428,0.0,0.8258835987792315,2
679,0.56,0.13413413413413414,0.5428571428571428,0.0,0.2847974033274059,2
680,0.12,0.7877877877877877,1.0,0.0,0.41008155363376897,5
681,0.09,0.35835835835835833,1.0,0.0,0.7707792795490735,5
682,0.73,0.02002002002002002,0.0,1.0,0.7341746459033756,0
683,0.96,0.7047047047047047,0.0,1.0,0.6682760351502737,0
684,0.29,0.6036036036036035,0.5428571428571428,0.0,0.5237871825214524,2
685,0.84,0.7297297297297297,0.5,1.0,0.579031799743593,1
686,0.92,0.7597597597597597,0.5,1.0,0.5823120961539181,3
687,0.98,0.7377377377377377,0.5,1.0,0.36829328540235173,3
688,0.97,0.4804804804804804,0.5,1.0,0.31503387764844604,1
689,0.96,0.07307307307307306,0.5,1.0,0.609410250046992,3
690,0.98,0.3133133133133133,0.5,1.0,0.4592122694933649,3
691,0.02,0.2952952952952953,1.0,0.0,0.454831021473735,5
692,0.25,0.6206206206206206,1.0,0.0,0.28641838450539336,5
693,0.6,0.8418418418418417,0.0,0.0,0.6132169906672753,0
694,0.95,0.7977977977977977,0.5,1.0,0.5321583417405829,3
695,0.05,0.14714714714714713,1.0,0.0,0.3824523466236991,5
696,0.28,0.42242242242242234,0.0,0.0,0.4069804040518483,0
697,0.47,0.963963963963964,1.0,0.0,0.6039078953777377,5
698,0.8,0.6936936936936936,0.5,1.0,0.4508135399628428,3
699,0.57,0.007007007007007007,0.8428571428571427,0.0,0.31934922231401797,6
700,0.6,0.36036036036036034,0.5,0.0,0.386696481149402,1
701,0.3,0.02102102102102102,0.5428571428571428,0.0,0.3732062252112329,2
702,0.54,0.9779779779779778,0.0,0.0,0.3144044349884372,0
703,0.49,0.4304304304304304,0.0,0.0,0.412640086213379,0
704,0.33,0.8528528528528527,0.5428571428571428,0.0,0.6520245395002511,2
705,0.65,0.8828828828828829,0.8428571428571427,1.0,0.46718130869223073,6
706,0.57,0.7917917917917917,0.5428571428571428,0.0,0.4780720860456671,2
707,0.95,0.8428428428428427,0.5,1.0,0.4607677410364486,1
708,0.87,0.4684684684684684,0.5,1.0,0.35587142879466427,1
709,0.68,0.3593593593593593,0.5,1.0,0.607547135576542,3
710,0.63,0.3293293293293293,1.0,1.0,0.6818422632422048,5
711,0.55,0.009009009009009007,0.5428571428571428,0.0,0.7667119720276006,2
712,0.75,0.7497497497497497,0.42857142857142855,1.0,0.43210583844822126,4
713,0.37,0.18818818818818817,0.8428571428571427,0.0,0.5001828974639475,6
714,0.69,0.5005005005005004,0.0,1.0,0.3584561089039553,0
715,0.95,0.5875875875875876,0.5,1.0,0.42465959412841636,3
716,0.83,0.5705705705705706,0.42857142857142855,1.0,0.5768479005792113,4
717,0.6,0.3693693693693693,0.0,0.0,0.22333424107026278,0
718,0.09,0.15915915915915915,1.0,0.0,0.29473870146531866,5
719,0.43,0.8088088088088088,1.0,0.0,0.41012509253337814,5
720,0.09,0.2972972972972973,1.0,0.0,0.4517283743726819,5
721,0.94,0.9119119119119118,0.5,1.0,0.587324909420964,1
722,0.77,0.7277277277277276,0.0,1.0,0.5114974206322065,0
723,0.65,0.2532532532532532,0.42857142857142855,1.0,0.23180366774856687,4
724,0.11,0.3973973973973974,1.0,0.0,0.4670463353213319,5
725,0.84,0.9509509509509508,0.5,1.0,0.28023633906283885,3
726,0.95,0.44144144144144143,0.42857142857142855,1.0,0.3154385995973723,4
727,0.52,0.9299299299299297,0.0,0.0,0.4955464535333445,0
728,0.9,0.8828828828828829,0.5,1.0,0.39575833150390793,3
729,0.75,0.9349349349349348,0.42857142857142855,1.0,0.5464842620465435,4
730,0.81,0.6586586586586586,0.0,1.0,0.4517117897548033,0
731,0.42,0.10210210210210209,0.5,0.0,0.516247682553592,1
732,0.2,0.3353353353353353,0.8428571428571427,0.0,0.6547891731915016,6
733,0.76,0.12412412412412412,1.0,1.0,0.5185846923017972,5
734,0.75,0.6426426426426426,0.0,1.0,0.45154584461707703,0
735,0.99,0.7927927927927927,0.5,1.0,0.3463988295015068,1
736,0.98,0.9189189189189189,0.5,1.0,0.8407434385109442,1
737,0.65,0.49249249249249244,0.42857142857142855,1.0,0.6716589997868745,4
738,0.49,0.9329329329329329,0.5,0.0,0.5240199770996761,1
739,0.87,0.44844844844844844,0.5,1.0,0.2832837954480003,1
740,0.71,0.7357357357357357,0.0,1.0,0.1777158669103942,0
741,0.33,0.17617617617617617,0.8428571428571427,0.0,0.7317248736953812,6
742,0.53,0.19019019019019018,0.42857142857142855,0.0,0.40064080171644534,4
743,0.75,0.37337337337337334,0.5,1.0,0.47957242580798787,3
744,0.81,0.7527527527527527,0.5,1.0,0.5777419429302209,3
745,0.52,0.03503503503503503,0.5428571428571428,0.0,0.6442349402801502,2
746,0.54,0.1171171171171171,0.42857142857142855,0.0,0.5349654811869693,4
747,0.46,0.8308308308308309,1.0,0.0,0.5780617972414919,5
748,0.68,0.8148148148148148,0.5428571428571428,1.0,0.5529641760327864,2
749,0.01,0.09709709709709709,1.0,0.0,0.14570140237267948,5
750,0.94,0.48648648648648646,0.5,1.0,0.4451027130070917,3
751,0.59,0.19219219219219216,0.5,0.0,0.21891695174891868,1
752,0.28,0.030030030030030026,0.8428571428571427,0.0,0.5763309914030663,6
753,0.55,0.04204204204204204,0.0,0.0,0.4609864358513063,0
754,0.73,0.9999999999999999,0.42857142857142855,1.0,0.6137584997861956,4
755,0.65,0.026026026026026026,0.42857142857142855,1.0,0.4122219921588741,4
756,0.27,0.41341341341341337,0.8428571428571427,0.0,0.6595219545544384,6
757,0.46,0.7947947947947948,0.8428571428571427,0.0,0.4365375285113975,6
758,0.52,0.14314314314314314,1.0,0.0,0.45865854931685,5
759,0.68,0.5495495495495495,0.42857142857142855,1.0,0.6237743525499098,4
760,0.65,0.1051051051051051,0.5,1.0,0.46763036182263806,1
761,0.79,0.8988988988988988,0.5,1.0,0.6627265053224916,3
762,0.03,0.9329329329329329,1.0,0.0,0.2529025281442092,5
763,0.2,0.4374374374374374,1.0,0.0,0.5455575533778774,5
764,0.82,0.5735735735735735,0.0,1.0,0.38074754371108344,0
765,0.13,0.38838838838838835,1.0,0.0,0.3919086926514579,5
766,0.49,0.5385385385385385,0.8428571428571427,0.0,0.8656214935767526,6
767,0.81,0.8018018018018017,0.5,1.0,0.6734737317325283,3
768,0.06,0.6316316316316315,1.0,0.0,0.3744892109618374,5
769,0.25,0.5485485485485485,0.8428571428571427,0.0,0.12485226167013197,6
770,0.53,0.09709709709709709,0.42857142857142855,0.0,0.6010166311001486,4
771,0.62,0.8568568568568569,0.42857142857142855,1.0,0.31505413919505787,4
772,0.66,0.4344344344344344,0.0,1.0,0.541115504432353,0
773,0.63,0.7457457457457457,0.0,1.0,0.5639328936480315,0
774,0.32,0.08308308308308307,0.8428571428571427,0.0,0.2579286836820127,6
775,0.65,0.4344344344344344,0.0,1.0,0.5782323549523576,0
776,0.77,0.7907907907907907,0.5,1.0,0.5348162253557922,3
777,0.62,0.08808808808808809,0.42857142857142855,1.0,0.618929011454622,4
778,0.71,0.0,0.0,1.0,0.5586457842131574,0
779,0.42,0.5235235235235235,0.8428571428571427,0.0,0.7468982012878722,6
780,0.73,0.9579579579579579,0.0,1.0,0.49279453762033065,0
781,0.76,0.9049049049049047,0.5,1.0,0.3509362613549427,1
782,0.76,0.9959959959959959,0.5,1.0,0.31752606572588005,3
783,0.42,0.4344344344344344,1.0,0.0,0.6207115076770988,5
784,0.83,0.9099099099099098,0.0,1.0,0.5112616101805809,0
785,0.74,0.9269269269269268,0.0,1.0,0.6163726649757422,0
786,0.17,0.27127127127127126,0.8428571428571427,0.0,0.5738916518327934,6
787,0.19,0.5525525525525524,0.8428571428571427,0.0,0.28748957467568825,6
788,0.6,0.26726726726726724,1.0,0.0,0.5147995988048057,5
789,0.59,0.7987987987987988,1.0,0.0,0.3103427440828148,5
790,0.06,0.4074074074074074,1.0,0.0,0.36573999329200557,5
791,0.86,0.5155155155155156,0.5,1.0,0.6364493353823895,3
792,0.76,0.7507507507507507,0.0,1.0,0.4895266025147236,0
793,0.88,0.2252252252252252,0.5,1.0,0.5343289276716205,3
794,0.62,0.8518518518518517,0.0,1.0,0.6803201980402729,0
795,0.96,0.30530530530530525,0.5,1.0,0.39677112453541286,1
796,0.89,0.3543543543543543,0.5,1.0,0.4509302777078963,3
797,0.69,0.15415415415415415,0.5428571428571428,1.0,0.6172492096248894,2
798,0.14,0.42842842842842843,1.0,0.0,0.47452727808065687,5
799,0.79,0.3593593593593593,0.5,1.0,0.5797445134836106,3
800,0.91,0.49649649649649646,0.0,1.0,0.35994391572116635,0
801,0.18,0.014014014014014014,1.0,0.0,0.6136923541417969,5
802,0.91,0.6186186186186186,0.0,1.0,0.4284424990998923,0
803,0.4,0.18118118118118118,0.8428571428571427,0.0,0.16875785040081026,6
804,0.31,0.42642642642642636,0.5,0.0,0.5292138085759639,1
805,0.13,0.42742742742742734,1.0,0.0,0.4402467617767081,5
806,0.38,0.2852852852852853,0.5428571428571428,0.0,0.3019470278403318,2
807,0.51,0.3313313313313313,0.5428571428571428,0.0,0.5328722884379729,2
808,0.72,0.1301301301301301,0.5428571428571428,1.0,0.6496758271503624,2
809,0.49,0.15415415415415415,0.0,0.0,0.31887570692705647,0
810,0.69,0.9319319319319319,0.8428571428571427,1.0,0.3969610203642566,6
811,0.68,0.6856856856856856,0.0,1.0,0.5440276699892286,0
812,0.68,0.004004004004004004,0.42857142857142855,1.0,0.2606126965161435,4
813,0.46,0.2962962962962963,0.8428571428571427,0.0,0.5056652369965029,6
814,0.85,0.05205205205205205,0.42857142857142855,1.0,0.337144815484695,4
815,0.48,0.8988988988988988,1.0,0.0,0.3840996617515655,5
816,0.05,0.6546546546546546,1.0,0.0,0.259538910854602,5
817,0.75,0.8588588588588588,0.5,1.0,0.5167797475065394,3
818,0.75,0.45945945945945943,0.5,1.0,0.4211963946616315,3
819,0.71,0.06906906906906905,0.5,1.0,0.8338510503666468,1
820,0.72,0.7637637637637636,0.8428571428571427,1.0,0.5071269418218007,6
821,0.94,0.9589589589589589,0.0,1.0,0.303593576067269,0
822,0.11,0.4444444444444445,1.0,0.0,0.5818700301035484,5
823,0.83,0.8368368368368367,0.0,1.0,0.4213886184307243,0
824,0.04,0.11211211211211211,1.0,0.0,0.45416328452115184,5
825,0.76,0.3353353353353353,0.5428571428571428,1.0,0.41064659511625146,2
826,0.45,0.27127127127127126,1.0,0.0,0.2769191168780234,5
827,0.21,0.7787787787787788,1.0,0.0,0.427396180081965,5
828,0.49,0.12812812812812813,0.8428571428571427,0.0,0.29506228329083006,6
829,0.25,0.9449449449449449,1.0,0.0,0.38829895945329573,5
830,0.77,0.42242242242242234,0.42857142857142855,1.0,0.4321435403293732,4
831,0.8,0.01701701701701702,1.0,1.0,0.7007594048445633,5
832,0.18,0.913913913913914,0.8428571428571427,0.0,0.283408426662608,6
833,0.59,0.8378378378378377,0.0,0.0,0.5734207909954769,0
834,0.59,0.7657657657657657,0.5,0.0,0.36012510580251567,1
835,0.38,0.28728728728728725,0.5428571428571428,0.0,0.2589553327772418,2
836,0.63,0.5025025025025024,0.0,1.0,0.6247969838702774,0
837,0.77,0.7467467467467467,0.0,1.0,0.6498893979205178,0
838,0.69,0.6476476476476476,1.0,1.0,0.465568865238966,5
839,0.89,0.7577577577577578,0.0,1.0,0.6730469466675368,0
840,0.61,0.7907907907907907,0.0,1.0,0.5201036537299495,0
841,0.66,0.1301301301301301,0.5428571428571428,1.0,0.25828145433979444,2
842,0.96,0.4774774774774774,0.42857142857142855,1.0,0.008346695701288098,4
843,0.82,0.9939939939939939,0.0,1.0,0.1709041224227874,0
844,0.62,0.43143143143143137,0.5,1.0,0.5078928031895216,3
845,0.5,0.06806806806806807,0.8428571428571427,0.0,0.5901858508463667,6
846,0.14,0.8778778778778777,1.0,0.0,0.43326094238699486,5
847,0.52,0.9179179179179179,0.42857142857142855,0.0,0.3603512920456837,4
848,0.37,0.991991991991992,0.5428571428571428,0.0,0.23089324963617175,2
849,0.66,0.8548548548548547,0.42857142857142855,1.0,0.7582367133802848,4
850,0.77,0.9609609609609608,0.5428571428571428,1.0,0.8053197538153385,2
851,0.81,0.1141141141141141,0.0,1.0,0.44656768320963236,0
852,0.77,0.38038038038038036,0.5,1.0,0.731712904770145,1
853,0.75,0.6366366366366366,0.0,1.0,0.44051467056177596,0
854,0.7,0.8318318318318318,0.5428571428571428,1.0,0.26981587744196767,2
855,0.24,0.6896896896896896,0.8428571428571427,0.0,0.655057201500332,6
856,0.43,0.19919919919919918,1.0,0.0,0.5668282680407251,5
857,0.1,0.6746746746746747,0.8428571428571427,0.0,0.5285728867680484,6
858,0.66,0.7747747747747747,0.42857142857142855,1.0,0.5862032570596971,4
859,0.9,0.30730730730730726,0.5,1.0,0.3751335316374569,1
860,0.85,0.9749749749749749,0.5,1.0,0.21514885195608602,3
861,0.66,0.6606606606606605,0.5428571428571428,1.0,0.7062727946851859,2
862,0.16,0.49649649649649646,0.8428571428571427,0.0,0.6087937096489864,6
863,0.87,0.5525525525525524,0.42857142857142855,1.0,0.5140731424938576,4
864,0.86,0.39639639639639634,0.5,1.0,0.26973416206169154,3
865,0.05,0.6736736736736737,1.0,0.0,0.3675906968329199,5
866,0.03,0.24224224224224222,1.0,0.0,0.6833475098516615,5
867,0.6,0.8018018018018017,0.0,0.0,0.5341596993469284,0
868,0.22,0.6186186186186186,0.8428571428571427,0.0,0.6547407902035287,6
869,0.14,0.7807807807807807,1.0,0.0,0.577352126099691,5
870,0.71,0.45945945945945943,0.0,1.0,0.4059101860666099,0
871,0.39,0.2082082082082082,0.5,0.0,0.32074151819314234,1
872,0.52,0.6346346346346345,0.5,0.0,0.6243200697775133,3
873,0.81,0.9959959959959959,0.5,1.0,0.3393212706682027,1
874,0.78,0.029029029029029024,0.42857142857142855,1.0,0.3981543279980915,4
875,0.9,0.7457457457457457,0.5,1.0,0.3304049383586378,1
876,0.5,0.28128128128128127,0.5,0.0,0.48492441777354256,1
877,0.74,0.4244244244244244,0.5428571428571428,1.0,0.5822343850978873,2
878,0.51,0.8198198198198197,0.5,0.0,0.42020107075430113,3
879,0.49,0.18618618618618618,0.42857142857142855,0.0,0.3580436477422646,4
880,0.99,0.3293293293293293,0.5,1.0,0.3479753292313017,1
881,0.82,0.8838838838838838,0.42857142857142855,1.0,0.5077951245800933,4
882,0.23,0.8038038038038037,1.0,0.0,0.5391849390747783,5
883,0.66,0.2852852852852853,0.0,1.0,0.7233829131047538,0
884,0.12,0.016016016016016016,0.8428571428571427,0.0,0.6448955289364726,6
885,0.81,0.4944944944944945,0.5428571428571428,1.0,0.6416355924761927,2
886,0.83,0.8618618618618618,0.0,1.0,0.47347351636697854,0
887,0.87,0.05205205205205205,0.8428571428571427,1.0,0.36111783343237014,6
888,0.74,0.9259259259259258,0.5428571428571428,1.0,0.291275453004459,2
889,0.87,0.24124124124124124,0.5,1.0,0.3176257106245175,1
890,0.32,0.5595595595595595,0.8428571428571427,0.0,0.4748626694947451,6
891,0.04,0.6706706706706707,1.0,0.0,0.7735328384545519,5
892,0.74,0.9449449449449449,0.5428571428571428,1.0,0.41406796898975173,2
893,0.94,0.40040040040040037,0.5,1.0,0.27723074789558044,1
894,0.16,0.8948948948948948,0.8428571428571427,0.0,0.4080652502137161,6
895,0.72,0.3343343343343343,0.42857142857142855,1.0,0.460219632326343,4
896,0.92,0.2762762762762762,0.5,1.0,0.43929637545868516,3
897,0.86,0.6206206206206206,0.0,1.0,0.48487101294428103,0
898,0.48,0.7067067067067067,0.8428571428571427,0.0,0.4391974114820407,6
899,0.38,0.6816816816816816,1.0,0.0,0.7903723497269997,5
900,0.85,0.01001001001001001,0.0,1.0,0.3898848260436387,0
901,0.69,0.2912912912912913,0.8428571428571427,1.0,0.471271007143111,6
902,0.22,0.3513513513513513,0.8428571428571427,0.0,0.4825432308585964,6
903,0.95,0.5185185185185185,0.5,1.0,0.5420326739948056,3
904,0.74,0.3573573573573573,0.42857142857142855,1.0,0.4726440547344215,4
905,0.49,0.37837837837837834,0.5,0.0,0.5524670960272047,3
906,0.68,0.5895895895895895,0.42857142857142855,1.0,0.303898978607674,4
907,0.74,0.5675675675675675,1.0,1.0,0.2664013879518241,5
908,0.86,0.5935935935935935,0.5428571428571428,1.0,0.5883773152655316,2
909,0.07,0.7857857857857857,1.0,0.0,0.38043072287309077,5
910,0.62,0.2912912912912913,0.0,1.0,0.7801962714197743,0
911,0.33,0.3113113113113113,1.0,0.0,0.6452001769488382,5
912,0.9,0.3013013013013013,0.42857142857142855,1.0,0.5550758098997983,4
913,0.71,0.4424424424424424,0.42857142857142855,1.0,0.5306164361171837,4
914,0.99,0.7677677677677677,0.5,1.0,0.46288679632414564,3
915,0.55,0.7637637637637636,0.5428571428571428,0.0,0.676007823395808,2
916,0.38,0.7177177177177176,0.8428571428571427,0.0,0.1992032068064078,6
917,0.22,0.006006006006006005,1.0,0.0,0.47709172506521,5
918,0.91,0.47447447447447444,0.0,1.0,0.5400671826174057,0
919,0.74,0.2602602602602602,0.5428571428571428,1.0,0.052244819892295125,2
920,0.73,0.7007007007007007,0.0,1.0,0.42742534133772625,0
921,0.73,0.4644644644644644,0.0,1.0,0.4708983811652101,0
922,0.7,0.9079079079079079,0.42857142857142855,1.0,0.22784267477295117,4
923,0.67,0.7067067067067067,0.0,1.0,0.6826636428893356,0
924,0.8,0.30330330330330324,0.5428571428571428,1.0,0.326526059529068,2
925,0.79,0.5075075075075075,0.5,1.0,0.8173932399697852,3
926,0.61,0.6656656656656657,0.42857142857142855,1.0,0.24883419924556383,4
927,0.58,0.3843843843843843,0.5,0.0,0.5553793178285595,1
928,0.59,0.3213213213213213,0.0,0.0,0.154802890773877,0
929,0.5,0.7427427427427427,0.42857142857142855,0.0,0.18683542869588954,4
930,0.87,0.8938938938938938,0.0,1.0,0.5180535038351397,0
931,0.61,0.5705705705705706,0.0,1.0,0.4202723804710766,0
932,0.75,0.5695695695695696,0.42857142857142855,1.0,0.36692817450737003,4
933,0.98,0.8218218218218218,0.5,1.0,0.4843694339257565,3
934,0.66,0.6116116116116116,0.5428571428571428,1.0,0.6342446281658469,2
935,0.88,0.888888888888889,0.0,1.0,0.5542677412568671,0
936,0.68,0.8358358358358358,0.0,1.0,0.2761111195944601,0
937,0.75,0.8508508508508508,0.0,1.0,0.5519425565185785,0
938,0.74,0.7667667667667667,0.42857142857142855,1.0,0.5800494607296811,4
939,0.65,0.2382382382382382,0.0,1.0,0.6078701913669857,0
940,0.68,0.18118118118118118,0.8428571428571427,1.0,0.2378280090031093,6
941,0.65,0.6576576576576576,0.5,1.0,0.35295794111097956,1
942,0.65,0.5515515515515514,1.0,1.0,0.638196878949977,5
943,0.02,0.20420420420420418,1.0,0.0,0.489416459927563,5
944,0.28,0.9539539539539538,0.5428571428571428,0.0,0.5673237247603187,2
945,0.9,0.3843843843843843,0.42857142857142855,1.0,0.6118955247741631,4
946,0.81,0.6606606606606605,0.5,1.0,0.41787039574548523,1
947,0.75,0.7357357357357357,0.5428571428571428,1.0,0.2036736528362182,2
948,0.45,0.5195195195195195,1.0,0.0,0.29446079983128115,5
949,0.44,0.7717717717717717,0.5,0.0,0.3441037648881331,1
950,0.4,0.01201201201201201,0.5428571428571428,0.0,0.5001768564835734,2
951,0.4,0.5575575575575575,0.8428571428571427,0.0,0.7618536066546406,6
952,0.76,0.2272272272272272,0.42857142857142855,1.0,0.5037887468217503,4
953,0.88,0.44044044044044045,0.5,1.0,0.7903687241938993,1
954,0.95,0.8498498498498498,1.0,1.0,0.49880543932346244,5
955,0.91,0.5705705705705706,0.0,1.0,0.3070907706571,0
956,0.29,0.8978978978978979,0.5428571428571428,0.0,0.26307978419061695,2
957,0.85,0.1061061061061061,0.0,1.0,0.6597882096383003,0
958,0.65,0.6576576576576576,1.0,1.0,0.2890103829188595,5
959,0.67,0.5395395395395395,0.0,1.0,0.6949604066312967,0
960,0.62,0.3293293293293293,0.42857142857142855,1.0,0.569562425314778,4
961,0.74,0.5605605605605605,0.0,1.0,0.42818158947017526,0
962,0.79,0.9879879879879878,0.5,1.0,0.40177137854815514,1
963,0.81,0.40940940940940934,0.42857142857142855,1.0,0.6135599769934608,4
964,0.69,0.9309309309309309,0.8428571428571427,1.0,0.5385657374633295,6
965,0.39,0.5915915915915916,0.42857142857142855,0.0,0.2247300305085813,4
966,0.9,0.7587587587587588,0.5,1.0,0.5856894276375137,3
967,0.43,0.17717717717717715,0.8428571428571427,0.0,0.08837899714977526,6
968,0.49,0.04204204204204204,0.42857142857142855,0.0,0.39004623518064263,4
969,0.79,0.43943943943943936,0.42857142857142855,1.0,0.4918342257672941,4
970,0.94,0.8398398398398398,0.42857142857142855,1.0,0.6500482465244841,4
971,0.79,0.9429429429429429,0.42857142857142855,1.0,0.5084146132300664,4
972,0.23,0.4444444444444445,0.8428571428571427,0.0,0.6186842001015123,6
973,0.77,0.6316316316316315,0.0,1.0,0.30751703119330376,0
974,0.38,0.8418418418418417,0.5428571428571428,0.0,0.7516316323072529,2
975,0.62,0.7347347347347347,0.5,1.0,0.31078088702898676,1
976,0.56,0.6316316316316315,0.5,0.0,0.19636886252172525,1
977,0.87,0.4904904904904905,0.5,1.0,0.3858059966359615,1
978,0.51,0.24724724724724725,0.5428571428571428,0.0,0.5406988914885043,2
979,0.8,0.4894894894894894,0.5,1.0,0.5499048100300536,3
980,0.96,0.26226226226226224,0.42857142857142855,1.0,0.37088907525362425,4
981,0.77,0.3093093093093093,0.5,1.0,0.4226372343348459,3
982,0.99,0.7227227227227226,0.5,1.0,0.5039479677979295,1
983,0.73,0.15715715715715714,0.5428571428571428,1.0,0.6002647845210161,2
984,0.55,0.1031031031031031,0.8428571428571427,0.0,0.6135887643799312,6
985,0.62,0.12412412412412412,0.5428571428571428,1.0,0.47366042513484574,2
986,0.23,0.02002002002002002,0.5428571428571428,0.0,0.32115090753676023,2
987,0.43,0.45945945945945943,0.8428571428571427,0.0,0.5206542069376072,6
988,0.65,0.5335335335335335,0.5,1.0,0.41637328476456315,1
989,0.91,0.5785785785785785,0.5,1.0,0.20173123062166187,3
990,0.75,0.9769769769769768,0.5,1.0,0.6204392608396694,3
991,0.79,0.5675675675675675,0.5,1.0,0.47491255855681125,1
992,0.82,0.4894894894894894,0.5428571428571428,1.0,0.582047009840865,2
993,0.45,0.08108108108108109,0.5,0.0,0.6523979924362984,3
994,0.33,0.9729729729729729,0.8428571428571427,0.0,0.570972257450671,6
995,0.23,0.1181181181181181,0.8428571428571427,0.0,0.452439817467547,6
996,0.59,0.7147147147147146,0.5428571428571428,0.0,0.4956958223820871,2
997,0.43,0.17917917917917917,0.5428571428571428,0.0,0.34512249833498876,2
998,0.68,0.35035035035035034,0.0,1.0,0.5514680642636882,0
999,0.84,0.7297297297297297,0.5,1.0,0.26575959028062823,1
